timestamp,open,high,low,close,volume
2021-09-01T09:15:00+05:30,427.5,427.5,425.15,426.25,305981
2021-09-01T09:16:00+05:30,426.35,427.95,426.25,427.3,223092
2021-09-01T09:17:00+05:30,427.55,427.8,427.2,427.2,104836
2021-09-01T09:18:00+05:30,427.25,427.9,427.15,427.3,153230
2021-09-01T09:19:00+05:30,427.35,427.4,426.6,426.9,90487
2021-09-01T09:20:00+05:30,427.0,427.25,426.25,426.5,80967
2021-09-01T09:21:00+05:30,426.6,427.15,426.6,427.0,55759
2021-09-01T09:22:00+05:30,427.0,427.65,426.8,427.3,67691
2021-09-01T09:23:00+05:30,427.25,427.5,426.95,427.25,69906
2021-09-01T09:24:00+05:30,427.2,427.35,427.0,427.35,38114
2021-09-01T09:25:00+05:30,427.35,428.3,427.35,428.1,155704
2021-09-01T09:26:00+05:30,428.2,428.25,427.35,427.65,68513
2021-09-01T09:27:00+05:30,427.55,428.3,427.55,428.15,81213
2021-09-01T09:28:00+05:30,428.1,428.25,427.7,428.15,76083
2021-09-01T09:29:00+05:30,428.2,428.5,428.0,428.5,94270
2021-09-01T09:30:00+05:30,428.45,428.75,428.2,428.45,110799
2021-09-01T09:31:00+05:30,428.45,428.45,428.0,428.0,63775
2021-09-01T09:32:00+05:30,428.15,428.4,428.1,428.4,41549
2021-09-01T09:33:00+05:30,428.35,428.7,428.3,428.55,64570
2021-09-01T09:34:00+05:30,428.5,428.6,428.2,428.4,61917
2021-09-01T09:35:00+05:30,428.25,428.4,428.0,428.1,44153
2021-09-01T09:36:00+05:30,428.2,428.2,427.35,427.35,83247
2021-09-01T09:37:00+05:30,427.35,427.85,427.35,427.5,46034
2021-09-01T09:38:00+05:30,427.7,427.75,427.4,427.55,90071
2021-09-01T09:39:00+05:30,427.6,427.85,427.45,427.8,40714
2021-09-01T09:40:00+05:30,427.8,427.9,427.55,427.55,38361
2021-09-01T09:41:00+05:30,427.8,428.45,427.5,428.25,92077
2021-09-01T09:42:00+05:30,428.25,428.65,428.05,428.6,97906
2021-09-01T09:43:00+05:30,428.6,428.8,428.5,428.8,67495
2021-09-01T09:44:00+05:30,428.9,429.3,428.65,429.3,142750
2021-09-01T09:45:00+05:30,429.35,429.5,429.1,429.35,115022
2021-09-01T09:46:00+05:30,429.35,429.4,428.75,429.2,74687
2021-09-01T09:47:00+05:30,429.1,429.7,428.8,429.45,160255
2021-09-01T09:48:00+05:30,429.45,430.0,429.3,429.8,136361
2021-09-01T09:49:00+05:30,429.8,430.0,429.55,429.85,106176
2021-09-01T09:50:00+05:30,429.85,430.85,429.85,430.75,287307
2021-09-01T09:51:00+05:30,431.1,431.1,430.0,430.25,280018
2021-09-01T09:52:00+05:30,430.2,430.6,430.1,430.45,105282
2021-09-01T09:53:00+05:30,430.4,430.5,430.1,430.4,94363
2021-09-01T09:54:00+05:30,430.4,430.7,430.3,430.35,63016
2021-09-01T09:55:00+05:30,430.45,430.55,430.0,430.3,125995
2021-09-01T09:56:00+05:30,430.3,430.6,429.75,429.8,96390
2021-09-01T09:57:00+05:30,429.8,430.15,429.65,429.8,47051
2021-09-01T09:58:00+05:30,429.6,430.05,429.6,430.0,45579
2021-09-01T09:59:00+05:30,430.0,430.25,429.8,429.8,103962
2021-09-01T10:00:00+05:30,429.7,430.0,429.65,429.7,45054
2021-09-01T10:01:00+05:30,429.85,429.85,429.4,429.6,69442
2021-09-01T10:02:00+05:30,429.6,430.1,429.55,429.9,52809
2021-09-01T10:03:00+05:30,429.7,430.15,429.7,429.9,53914
2021-09-01T10:04:00+05:30,429.95,430.3,429.85,430.05,43598
2021-09-01T10:05:00+05:30,430.1,430.15,429.9,429.9,32060
2021-09-01T10:06:00+05:30,429.9,430.0,429.75,429.75,38122
2021-09-01T10:07:00+05:30,429.75,430.15,429.7,429.9,40962
2021-09-01T10:08:00+05:30,429.8,430.0,429.8,429.95,22086
2021-09-01T10:09:00+05:30,430.0,430.0,429.65,429.9,38402
2021-09-01T10:10:00+05:30,430.0,430.0,429.45,429.65,70618
2021-09-01T10:11:00+05:30,429.55,429.75,429.3,429.75,48099
2021-09-01T10:12:00+05:30,429.9,430.0,429.45,429.85,67696
2021-09-01T10:13:00+05:30,429.8,430.0,429.75,429.95,33230
2021-09-01T10:14:00+05:30,429.85,430.1,429.35,429.5,51344
2021-09-01T10:15:00+05:30,429.6,429.75,429.1,429.2,58310
2021-09-01T10:16:00+05:30,429.2,429.2,428.55,428.8,112510
2021-09-01T10:17:00+05:30,428.95,428.95,428.2,428.45,62883
2021-09-01T10:18:00+05:30,428.45,428.8,428.0,428.5,80311
2021-09-01T10:19:00+05:30,428.5,428.7,428.1,428.6,38775
2021-09-01T10:20:00+05:30,428.45,428.45,427.7,427.9,101277
2021-09-01T10:21:00+05:30,427.95,428.4,427.65,428.35,62236
2021-09-01T10:22:00+05:30,428.2,428.6,428.1,428.35,21462
2021-09-01T10:23:00+05:30,428.3,428.85,428.15,428.85,50865
2021-09-01T10:24:00+05:30,428.8,428.8,427.8,428.0,44124
2021-09-01T10:25:00+05:30,427.95,428.2,427.5,428.2,46411
2021-09-01T10:26:00+05:30,428.0,428.25,427.7,428.1,35136
2021-09-01T10:27:00+05:30,428.1,428.25,427.9,428.15,20341
2021-09-01T10:28:00+05:30,428.1,428.5,427.85,427.85,25997
2021-09-01T10:29:00+05:30,427.85,428.05,427.8,427.9,25725
2021-09-01T10:30:00+05:30,427.8,428.0,427.45,427.85,91961
2021-09-01T10:31:00+05:30,427.85,427.9,427.15,427.75,52363
2021-09-01T10:32:00+05:30,427.9,428.45,427.85,428.15,50786
2021-09-01T10:33:00+05:30,428.1,428.1,427.65,427.8,27185
2021-09-01T10:34:00+05:30,427.7,427.95,427.5,427.55,30085
2021-09-01T10:35:00+05:30,427.7,428.0,427.5,427.7,28848
2021-09-01T10:36:00+05:30,427.75,428.1,427.55,427.8,38667
2021-09-01T10:37:00+05:30,427.8,428.3,427.7,428.25,23963
2021-09-01T10:38:00+05:30,428.25,428.4,428.2,428.25,16729
2021-09-01T10:39:00+05:30,428.35,428.6,428.0,428.6,61872
2021-09-01T10:40:00+05:30,428.6,428.8,428.6,428.8,37450
2021-09-01T10:41:00+05:30,428.6,428.8,428.35,428.4,24240
2021-09-01T10:42:00+05:30,428.5,428.8,428.5,428.7,16892
2021-09-01T10:43:00+05:30,428.8,428.85,428.6,428.6,11295
2021-09-01T10:44:00+05:30,428.8,428.8,428.6,428.75,22283
2021-09-01T10:45:00+05:30,428.85,428.85,428.5,428.65,22087
2021-09-01T10:46:00+05:30,428.65,429.2,428.5,429.05,65942
2021-09-01T10:47:00+05:30,429.3,429.35,429.0,429.05,51857
2021-09-01T10:48:00+05:30,429.05,429.2,428.85,428.95,19079
2021-09-01T10:49:00+05:30,429.0,429.1,428.8,429.0,22689
2021-09-01T10:50:00+05:30,428.95,429.0,428.8,428.8,15222
2021-09-01T10:51:00+05:30,428.9,428.95,428.65,428.8,24631
2021-09-01T10:52:00+05:30,428.8,428.8,428.6,428.6,14191
2021-09-01T10:53:00+05:30,428.7,428.75,428.3,428.45,23114
2021-09-01T10:54:00+05:30,428.25,428.35,428.0,428.1,25710
2021-09-01T10:55:00+05:30,428.15,428.2,427.85,427.9,57622
2021-09-01T10:56:00+05:30,427.9,428.05,427.75,427.9,26153
2021-09-01T10:57:00+05:30,427.95,428.2,427.7,427.8,47688
2021-09-01T10:58:00+05:30,427.85,427.85,427.55,427.6,46606
2021-09-01T10:59:00+05:30,427.7,428.0,427.5,427.85,24223
2021-09-01T11:00:00+05:30,427.85,427.85,427.3,427.5,62872
2021-09-01T11:01:00+05:30,427.5,428.1,427.45,428.1,42269
2021-09-01T11:02:00+05:30,428.15,428.15,427.9,427.9,18223
2021-09-01T11:03:00+05:30,427.9,428.0,427.6,427.8,13486
2021-09-01T11:04:00+05:30,427.7,427.7,427.5,427.55,31151
2021-09-01T11:05:00+05:30,427.45,427.7,427.3,427.5,27320
2021-09-01T11:06:00+05:30,427.5,427.5,427.0,427.15,71555
2021-09-01T11:07:00+05:30,427.15,427.2,426.85,426.85,79193
2021-09-01T11:08:00+05:30,426.95,427.4,426.95,427.2,31324
2021-09-01T11:09:00+05:30,427.15,427.45,426.8,426.95,36538
2021-09-01T11:10:00+05:30,426.9,427.05,426.85,426.85,37606
2021-09-01T11:11:00+05:30,426.85,427.2,426.8,427.15,26274
2021-09-01T11:12:00+05:30,427.2,427.25,426.75,426.8,39821
2021-09-01T11:13:00+05:30,426.8,427.0,426.75,426.9,18411
2021-09-01T11:14:00+05:30,427.0,427.7,426.9,427.6,27982
2021-09-01T11:15:00+05:30,427.65,427.75,427.5,427.6,23873
2021-09-01T11:16:00+05:30,427.55,428.1,427.5,427.8,42297
2021-09-01T11:17:00+05:30,427.9,428.2,427.8,428.15,39876
2021-09-01T11:18:00+05:30,428.2,428.35,428.0,428.15,35166
2021-09-01T11:19:00+05:30,428.25,428.35,428.0,428.2,17918
2021-09-01T11:20:00+05:30,428.2,428.2,427.95,427.95,12257
2021-09-01T11:21:00+05:30,427.95,428.0,427.7,427.9,14494
2021-09-01T11:22:00+05:30,427.9,427.95,427.5,427.75,12600
2021-09-01T11:23:00+05:30,427.75,427.95,427.55,427.6,10818
2021-09-01T11:24:00+05:30,427.75,427.85,427.55,427.55,14763
2021-09-01T11:25:00+05:30,427.65,427.65,427.2,427.35,26116
2021-09-01T11:26:00+05:30,427.5,427.7,427.3,427.4,20582
2021-09-01T11:27:00+05:30,427.35,427.55,427.15,427.2,21758
2021-09-01T11:28:00+05:30,427.25,427.7,427.25,427.65,13982
2021-09-01T11:29:00+05:30,427.65,427.75,427.4,427.75,9874
2021-09-01T11:30:00+05:30,427.65,427.8,427.3,427.35,11381
2021-09-01T11:31:00+05:30,427.4,427.7,427.35,427.7,14148
2021-09-01T11:32:00+05:30,427.7,427.95,427.6,427.7,14286
2021-09-01T11:33:00+05:30,427.75,427.8,427.5,427.7,18603
2021-09-01T11:34:00+05:30,427.7,427.85,427.5,427.65,14523
2021-09-01T11:35:00+05:30,427.7,427.95,427.6,427.85,10111
2021-09-01T11:36:00+05:30,427.9,427.95,427.65,427.85,10127
2021-09-01T11:37:00+05:30,427.9,427.95,427.7,427.85,13131
2021-09-01T11:38:00+05:30,427.85,427.95,427.75,427.75,12096
2021-09-01T11:39:00+05:30,427.7,427.85,427.5,427.5,13037
2021-09-01T11:40:00+05:30,427.5,427.6,427.3,427.6,40331
2021-09-01T11:41:00+05:30,427.6,427.85,427.45,427.7,18377
2021-09-01T11:42:00+05:30,427.85,427.9,427.4,427.55,18658
2021-09-01T11:43:00+05:30,427.55,427.55,427.2,427.5,15280
2021-09-01T11:44:00+05:30,427.55,427.55,427.3,427.5,8748
2021-09-01T11:45:00+05:30,427.55,427.65,427.4,427.6,9815
2021-09-01T11:46:00+05:30,427.6,427.65,427.5,427.65,9604
2021-09-01T11:47:00+05:30,427.7,427.75,427.5,427.5,17750
2021-09-01T11:48:00+05:30,427.55,427.7,427.45,427.45,17337
2021-09-01T11:49:00+05:30,427.55,427.75,427.45,427.75,15146
2021-09-01T11:50:00+05:30,427.75,428.15,427.75,428.0,44207
2021-09-01T11:51:00+05:30,428.05,428.15,427.8,428.05,14540
2021-09-01T11:52:00+05:30,428.05,428.3,428.0,428.15,40790
2021-09-01T11:53:00+05:30,428.2,428.4,427.8,427.95,18665
2021-09-01T11:54:00+05:30,428.0,428.2,427.5,427.7,29925
2021-09-01T11:55:00+05:30,427.7,428.25,427.65,428.15,26436
2021-09-01T11:56:00+05:30,428.25,428.3,427.9,428.05,20843
2021-09-01T11:57:00+05:30,428.05,428.05,427.75,428.0,18979
2021-09-01T11:58:00+05:30,428.0,428.0,427.3,427.35,37932
2021-09-01T11:59:00+05:30,427.35,427.5,426.2,426.25,208401
2021-09-01T12:00:00+05:30,426.3,427.05,426.3,427.05,36770
2021-09-01T12:01:00+05:30,427.1,427.35,427.0,427.35,28656
2021-09-01T12:02:00+05:30,427.4,427.7,427.3,427.55,18983
2021-09-01T12:03:00+05:30,427.45,427.75,427.3,427.7,28455
2021-09-01T12:04:00+05:30,427.7,428.0,427.65,427.95,16724
2021-09-01T12:05:00+05:30,427.95,428.2,427.65,427.65,39516
2021-09-01T12:06:00+05:30,427.85,427.85,427.4,427.65,19697
2021-09-01T12:07:00+05:30,427.7,427.8,427.5,427.8,14548
2021-09-01T12:08:00+05:30,427.85,427.85,427.5,427.55,10270
2021-09-01T12:09:00+05:30,427.55,427.75,427.25,427.35,19814
2021-09-01T12:10:00+05:30,427.3,427.7,427.3,427.65,15453
2021-09-01T12:11:00+05:30,427.65,427.85,427.5,427.5,18536
2021-09-01T12:12:00+05:30,427.7,427.85,427.5,427.75,10800
2021-09-01T12:13:00+05:30,427.8,427.8,427.5,427.7,11630
2021-09-01T12:14:00+05:30,427.7,427.8,427.55,427.7,10700
2021-09-01T12:15:00+05:30,427.7,427.75,427.5,427.5,22518
2021-09-01T12:16:00+05:30,427.45,427.65,427.3,427.65,15263
2021-09-01T12:17:00+05:30,427.65,427.7,427.2,427.2,13343
2021-09-01T12:18:00+05:30,427.35,427.4,427.0,427.1,31482
2021-09-01T12:19:00+05:30,427.2,427.3,426.8,426.8,47148
2021-09-01T12:20:00+05:30,427.05,427.35,426.9,427.15,25351
2021-09-01T12:21:00+05:30,427.15,427.3,427.0,427.15,33393
2021-09-01T12:22:00+05:30,427.1,427.15,426.6,426.8,44740
2021-09-01T12:23:00+05:30,426.85,427.7,426.85,427.55,46338
2021-09-01T12:24:00+05:30,427.5,427.55,427.2,427.35,28157
2021-09-01T12:25:00+05:30,427.2,427.5,426.8,427.05,51201
2021-09-01T12:26:00+05:30,427.25,427.25,427.05,427.2,7024
2021-09-01T12:27:00+05:30,427.2,427.2,426.6,427.1,26128
2021-09-01T12:28:00+05:30,427.0,427.25,427.0,427.05,20008
2021-09-01T12:29:00+05:30,427.2,427.35,427.0,427.05,15523
2021-09-01T12:30:00+05:30,427.2,427.45,427.2,427.3,9264
2021-09-01T12:31:00+05:30,427.35,427.6,427.2,427.35,20031
2021-09-01T12:32:00+05:30,427.4,427.65,427.3,427.55,19294
2021-09-01T12:33:00+05:30,427.55,427.6,427.1,427.2,18256
2021-09-01T12:34:00+05:30,427.2,427.5,427.15,427.35,7264
2021-09-01T12:35:00+05:30,427.5,427.55,427.4,427.5,7888
2021-09-01T12:36:00+05:30,427.5,427.55,427.3,427.45,8662
2021-09-01T12:37:00+05:30,427.3,427.45,427.2,427.35,7837
2021-09-01T12:38:00+05:30,427.2,427.4,427.2,427.25,9936
2021-09-01T12:39:00+05:30,427.35,427.4,427.05,427.2,17389
2021-09-01T12:40:00+05:30,427.2,427.25,427.0,427.2,11391
2021-09-01T12:41:00+05:30,427.05,427.2,426.85,427.0,24669
2021-09-01T12:42:00+05:30,427.0,427.05,426.75,426.85,17933
2021-09-01T12:43:00+05:30,427.05,427.9,427.05,427.75,60342
2021-09-01T12:44:00+05:30,427.85,428.25,427.55,428.2,87420
2021-09-01T12:45:00+05:30,428.2,429.1,428.1,428.8,138884
2021-09-01T12:46:00+05:30,428.9,429.25,428.75,428.9,53707
2021-09-01T12:47:00+05:30,428.95,429.0,428.7,428.85,30665
2021-09-01T12:48:00+05:30,428.85,429.25,428.55,429.15,70656
2021-09-01T12:49:00+05:30,429.15,429.7,429.0,429.7,78640
2021-09-01T12:50:00+05:30,429.7,429.7,429.25,429.3,42622
2021-09-01T12:51:00+05:30,429.5,429.5,429.3,429.4,28396
2021-09-01T12:52:00+05:30,429.35,429.65,429.3,429.4,40785
2021-09-01T12:53:00+05:30,429.3,429.45,429.0,429.05,21519
2021-09-01T12:54:00+05:30,429.15,430.4,429.0,430.2,280662
2021-09-01T12:55:00+05:30,430.2,430.7,430.0,430.7,98924
2021-09-01T12:56:00+05:30,430.65,430.95,430.55,430.7,139724
2021-09-01T12:57:00+05:30,430.8,431.5,430.65,431.3,340956
2021-09-01T12:58:00+05:30,431.3,431.5,431.2,431.4,108589
2021-09-01T12:59:00+05:30,431.45,431.8,431.15,431.55,153830
2021-09-01T13:00:00+05:30,431.5,431.9,431.5,431.55,100235
2021-09-01T13:01:00+05:30,431.55,431.7,431.1,431.25,57927
2021-09-01T13:02:00+05:30,431.3,431.45,430.75,431.05,72124
2021-09-01T13:03:00+05:30,431.15,431.3,430.95,431.25,62716
2021-09-01T13:04:00+05:30,431.25,431.25,431.0,431.0,43288
2021-09-01T13:05:00+05:30,431.0,431.0,430.55,430.65,45503
2021-09-01T13:06:00+05:30,430.6,430.8,430.5,430.6,53921
2021-09-01T13:07:00+05:30,430.65,430.7,430.5,430.55,25851
2021-09-01T13:08:00+05:30,430.6,430.75,430.5,430.75,35630
2021-09-01T13:09:00+05:30,430.75,431.0,430.5,430.7,119746
2021-09-01T13:10:00+05:30,430.55,430.7,430.5,430.65,24350
2021-09-01T13:11:00+05:30,430.7,430.75,430.2,430.2,35871
2021-09-01T13:12:00+05:30,430.3,430.4,430.0,430.35,68335
2021-09-01T13:13:00+05:30,430.15,430.55,430.1,430.3,31528
2021-09-01T13:14:00+05:30,430.3,430.5,430.1,430.4,27644
2021-09-01T13:15:00+05:30,430.4,430.4,430.15,430.4,14015
2021-09-01T13:16:00+05:30,430.4,430.6,430.35,430.45,18323
2021-09-01T13:17:00+05:30,430.5,430.5,430.1,430.25,28193
2021-09-01T13:18:00+05:30,430.3,430.4,430.15,430.3,16453
2021-09-01T13:19:00+05:30,430.3,430.6,430.2,430.55,15988
2021-09-01T13:20:00+05:30,430.55,430.6,430.35,430.5,15098
2021-09-01T13:21:00+05:30,430.35,430.95,430.35,430.95,47618
2021-09-01T13:22:00+05:30,430.75,430.9,430.5,430.55,23356
2021-09-01T13:23:00+05:30,430.75,430.75,430.0,430.0,57917
2021-09-01T13:24:00+05:30,430.0,430.1,429.65,429.85,42113
2021-09-01T13:25:00+05:30,430.0,430.0,429.7,429.9,25129
2021-09-01T13:26:00+05:30,429.9,430.35,429.8,430.35,36762
2021-09-01T13:27:00+05:30,430.3,430.5,430.1,430.35,25805
2021-09-01T13:28:00+05:30,430.35,430.35,430.05,430.3,12603
2021-09-01T13:29:00+05:30,430.35,430.4,430.05,430.3,11165
2021-09-01T13:30:00+05:30,430.25,430.3,430.0,430.3,14918
2021-09-01T13:31:00+05:30,430.3,430.5,430.3,430.5,29416
2021-09-01T13:32:00+05:30,430.6,430.7,430.35,430.5,20900
2021-09-01T13:33:00+05:30,430.55,430.6,430.45,430.5,13173
2021-09-01T13:34:00+05:30,430.5,430.6,430.15,430.6,27693
2021-09-01T13:35:00+05:30,430.55,430.75,430.55,430.7,13374
2021-09-01T13:36:00+05:30,430.65,430.7,430.5,430.7,18501
2021-09-01T13:37:00+05:30,430.7,430.7,430.45,430.6,15331
2021-09-01T13:38:00+05:30,430.5,430.65,430.4,430.6,9858
2021-09-01T13:39:00+05:30,430.55,430.95,430.4,430.95,43013
2021-09-01T13:40:00+05:30,430.95,431.4,430.95,431.15,100742
2021-09-01T13:41:00+05:30,431.25,431.4,431.0,431.4,28532
2021-09-01T13:42:00+05:30,431.35,431.35,430.95,431.25,37101
2021-09-01T13:43:00+05:30,431.25,431.4,431.15,431.3,27491
2021-09-01T13:44:00+05:30,431.2,431.3,431.05,431.15,23902
2021-09-01T13:45:00+05:30,431.15,431.2,431.0,431.15,20335
2021-09-01T13:46:00+05:30,431.15,431.2,431.0,431.15,20123
2021-09-01T13:47:00+05:30,431.2,431.3,431.05,431.1,23444
2021-09-01T13:48:00+05:30,431.1,431.1,431.0,431.05,10651
2021-09-01T13:49:00+05:30,431.1,431.1,430.8,431.0,28407
2021-09-01T13:50:00+05:30,430.95,431.2,430.9,431.1,25184
2021-09-01T13:51:00+05:30,431.1,431.15,430.9,431.1,21269
2021-09-01T13:52:00+05:30,431.0,431.1,430.9,430.9,10758
2021-09-01T13:53:00+05:30,430.9,431.4,430.9,431.4,31987
2021-09-01T13:54:00+05:30,431.4,432.0,431.4,432.0,275990
2021-09-01T13:55:00+05:30,432.0,432.5,432.0,432.4,161661
2021-09-01T13:56:00+05:30,432.45,432.45,432.05,432.35,64224
2021-09-01T13:57:00+05:30,432.4,432.45,432.05,432.25,57676
2021-09-01T13:58:00+05:30,432.15,432.55,432.1,432.55,70483
2021-09-01T13:59:00+05:30,432.35,432.45,432.1,432.15,60584
2021-09-01T14:00:00+05:30,432.2,432.4,432.15,432.25,43452
2021-09-01T14:01:00+05:30,432.15,432.25,431.85,431.95,43895
2021-09-01T14:02:00+05:30,431.95,432.05,431.75,432.05,57475
2021-09-01T14:03:00+05:30,432.1,432.15,431.8,431.85,44571
2021-09-01T14:04:00+05:30,431.75,432.0,431.7,431.95,42297
2021-09-01T14:05:00+05:30,431.95,431.95,431.65,431.8,57011
2021-09-01T14:06:00+05:30,431.95,431.95,431.75,431.85,22501
2021-09-01T14:07:00+05:30,431.9,432.2,431.85,432.2,62068
2021-09-01T14:08:00+05:30,432.15,432.2,431.85,432.0,34405
2021-09-01T14:09:00+05:30,431.95,432.15,431.8,432.1,32574
2021-09-01T14:10:00+05:30,432.15,432.2,432.0,432.15,26991
2021-09-01T14:11:00+05:30,432.15,432.2,432.0,432.1,18055
2021-09-01T14:12:00+05:30,432.0,432.25,431.9,432.05,34002
2021-09-01T14:13:00+05:30,432.05,432.05,431.15,431.45,125245
2021-09-01T14:14:00+05:30,431.45,431.6,431.0,431.45,87617
2021-09-01T14:15:00+05:30,431.5,431.65,431.35,431.65,30563
2021-09-01T14:16:00+05:30,431.7,431.7,431.5,431.7,19799
2021-09-01T14:17:00+05:30,431.7,431.8,431.3,431.55,27519
2021-09-01T14:18:00+05:30,431.55,431.6,431.25,431.35,23082
2021-09-01T14:19:00+05:30,431.4,431.4,431.2,431.25,32792
2021-09-01T14:20:00+05:30,431.25,431.7,431.0,431.7,41170
2021-09-01T14:21:00+05:30,431.65,431.8,431.55,431.8,21303
2021-09-01T14:22:00+05:30,431.8,431.85,431.5,431.8,21226
2021-09-01T14:23:00+05:30,431.75,431.9,431.6,431.65,30812
2021-09-01T14:24:00+05:30,431.65,432.0,431.6,431.95,28552
2021-09-01T14:25:00+05:30,431.95,432.15,431.9,432.15,48307
2021-09-01T14:26:00+05:30,432.0,432.25,431.95,432.1,46951
2021-09-01T14:27:00+05:30,432.2,432.5,432.0,432.45,67437
2021-09-01T14:28:00+05:30,432.45,432.5,431.9,432.15,52808
2021-09-01T14:29:00+05:30,432.25,432.35,431.8,432.1,28214
2021-09-01T14:30:00+05:30,432.0,432.1,431.85,431.95,37301
2021-09-01T14:31:00+05:30,432.0,432.15,431.85,432.1,32631
2021-09-01T14:32:00+05:30,432.15,432.35,431.7,431.95,33606
2021-09-01T14:33:00+05:30,431.8,432.0,431.1,431.3,52061
2021-09-01T14:34:00+05:30,431.4,431.4,430.85,431.15,73144
2021-09-01T14:35:00+05:30,431.2,431.6,431.1,431.55,37970
2021-09-01T14:36:00+05:30,431.6,431.65,431.4,431.5,20099
2021-09-01T14:37:00+05:30,431.55,431.6,431.35,431.45,18155
2021-09-01T14:38:00+05:30,431.6,431.6,431.1,431.3,27728
2021-09-01T14:39:00+05:30,431.2,431.75,431.05,431.65,33417
2021-09-01T14:40:00+05:30,431.75,432.0,431.7,431.7,27029
2021-09-01T14:41:00+05:30,431.75,431.95,431.5,431.7,27972
2021-09-01T14:42:00+05:30,431.75,431.8,431.5,431.5,25237
2021-09-01T14:43:00+05:30,431.5,431.6,431.3,431.45,25988
2021-09-01T14:44:00+05:30,431.4,431.5,431.0,431.15,52945
2021-09-01T14:45:00+05:30,431.15,431.5,431.0,431.3,28026
2021-09-01T14:46:00+05:30,431.4,431.5,431.25,431.4,34864
2021-09-01T14:47:00+05:30,431.35,431.8,431.25,431.55,48845
2021-09-01T14:48:00+05:30,431.4,431.4,430.7,430.9,96583
2021-09-01T14:49:00+05:30,430.9,431.0,430.7,431.0,51280
2021-09-01T14:50:00+05:30,430.95,431.35,430.85,431.0,41165
2021-09-01T14:51:00+05:30,431.1,431.15,430.8,430.95,32927
2021-09-01T14:52:00+05:30,430.95,431.2,430.85,430.95,38584
2021-09-01T14:53:00+05:30,431.0,431.05,430.6,430.85,56543
2021-09-01T14:54:00+05:30,430.85,431.2,430.8,431.2,36543
2021-09-01T14:55:00+05:30,431.15,431.2,430.6,430.95,48165
2021-09-01T14:56:00+05:30,430.95,431.2,430.8,431.0,30360
2021-09-01T14:57:00+05:30,431.1,431.2,431.0,431.0,28721
2021-09-01T14:58:00+05:30,431.0,431.15,430.3,431.0,103385
2021-09-01T14:59:00+05:30,430.9,431.4,430.9,431.35,55962
2021-09-01T15:00:00+05:30,431.4,431.6,431.3,431.45,67929
2021-09-01T15:01:00+05:30,431.4,431.55,431.3,431.35,50070
2021-09-01T15:02:00+05:30,431.45,431.55,431.15,431.55,40524
2021-09-01T15:03:00+05:30,431.6,431.65,431.4,431.45,29430
2021-09-01T15:04:00+05:30,431.5,431.7,431.0,431.2,42756
2021-09-01T15:05:00+05:30,431.25,431.3,430.95,431.1,82033
2021-09-01T15:06:00+05:30,431.15,431.25,430.65,430.65,62817
2021-09-01T15:07:00+05:30,430.7,430.95,430.35,430.9,79351
2021-09-01T15:08:00+05:30,430.95,431.05,430.7,430.8,83418
2021-09-01T15:09:00+05:30,430.75,430.8,430.1,430.2,72486
2021-09-01T15:10:00+05:30,430.25,430.35,428.95,429.1,248759
2021-09-01T15:11:00+05:30,429.0,429.45,428.7,429.4,116479
2021-09-01T15:12:00+05:30,429.5,429.75,429.3,429.5,57720
2021-09-01T15:13:00+05:30,429.4,429.8,429.35,429.65,64535
2021-09-01T15:14:00+05:30,429.7,429.75,429.4,429.55,60687
2021-09-01T15:15:00+05:30,429.4,429.5,429.05,429.3,94246
2021-09-01T15:16:00+05:30,429.35,429.8,429.2,429.8,60605
2021-09-01T15:17:00+05:30,429.7,429.85,429.55,429.7,43692
2021-09-01T15:18:00+05:30,429.7,429.95,429.65,429.95,98927
2021-09-01T15:19:00+05:30,429.8,430.0,429.55,429.6,89426
2021-09-01T15:20:00+05:30,429.6,430.05,429.6,430.05,93466
2021-09-01T15:21:00+05:30,430.05,430.45,429.5,429.85,173761
2021-09-01T15:22:00+05:30,429.8,430.0,429.75,429.9,41662
2021-09-01T15:23:00+05:30,429.85,430.05,429.6,429.65,49653
2021-09-01T15:24:00+05:30,429.75,429.9,429.4,429.55,71556
2021-09-01T15:25:00+05:30,429.5,429.55,429.15,429.25,73332
2021-09-01T15:26:00+05:30,429.25,429.4,429.0,429.1,89913
2021-09-01T15:27:00+05:30,429.05,429.35,428.8,429.05,59500
2021-09-01T15:28:00+05:30,429.05,429.15,428.7,428.85,61152
2021-09-01T15:29:00+05:30,428.85,429.05,428.65,428.65,59853
2021-09-02T09:15:00+05:30,431.4,431.4,429.0,429.85,428955
2021-09-02T09:16:00+05:30,430.3,430.3,428.65,429.25,212429
2021-09-02T09:17:00+05:30,429.4,430.15,429.05,429.9,209665
2021-09-02T09:18:00+05:30,430.05,430.65,429.5,430.55,100867
2021-09-02T09:19:00+05:30,430.6,430.9,430.2,430.9,88651
2021-09-02T09:20:00+05:30,430.9,430.9,430.05,430.7,71673
2021-09-02T09:21:00+05:30,430.75,430.75,430.15,430.6,41146
2021-09-02T09:22:00+05:30,430.45,430.55,430.0,430.4,53478
2021-09-02T09:23:00+05:30,430.45,430.6,430.15,430.25,42218
2021-09-02T09:24:00+05:30,430.25,430.3,429.85,430.1,82845
2021-09-02T09:25:00+05:30,430.1,430.25,429.85,430.0,34418
2021-09-02T09:26:00+05:30,429.85,430.9,429.6,430.8,70811
2021-09-02T09:27:00+05:30,430.8,430.9,430.3,430.9,60870
2021-09-02T09:28:00+05:30,430.75,431.0,430.5,430.75,48332
2021-09-02T09:29:00+05:30,430.75,430.95,430.4,430.5,42821
2021-09-02T09:30:00+05:30,430.5,430.85,430.5,430.8,26460
2021-09-02T09:31:00+05:30,430.65,431.3,430.55,430.75,124898
2021-09-02T09:32:00+05:30,430.8,430.9,430.25,430.8,50931
2021-09-02T09:33:00+05:30,430.85,431.0,430.65,430.9,40526
2021-09-02T09:34:00+05:30,430.75,431.0,430.2,430.4,69326
2021-09-02T09:35:00+05:30,430.2,430.3,429.15,429.4,142218
2021-09-02T09:36:00+05:30,429.35,429.4,428.85,429.4,111922
2021-09-02T09:37:00+05:30,429.35,429.7,429.2,429.7,38816
2021-09-02T09:38:00+05:30,429.7,429.85,429.3,429.5,27697
2021-09-02T09:39:00+05:30,429.35,429.5,428.85,429.0,71917
2021-09-02T09:40:00+05:30,429.0,429.15,428.8,428.95,69794
2021-09-02T09:41:00+05:30,428.95,429.1,428.8,428.9,41930
2021-09-02T09:42:00+05:30,428.85,429.1,428.5,429.05,84685
2021-09-02T09:43:00+05:30,428.95,429.0,428.75,428.8,28864
2021-09-02T09:44:00+05:30,428.8,428.9,428.3,428.45,75567
2021-09-02T09:45:00+05:30,428.6,428.75,427.75,428.2,168178
2021-09-02T09:46:00+05:30,428.2,428.5,428.1,428.45,40502
2021-09-02T09:47:00+05:30,428.4,428.7,428.2,428.25,54664
2021-09-02T09:48:00+05:30,428.3,428.4,428.05,428.2,38684
2021-09-02T09:49:00+05:30,428.25,428.6,428.2,428.55,33561
2021-09-02T09:50:00+05:30,428.55,429.0,428.55,428.85,51278
2021-09-02T09:51:00+05:30,428.75,429.0,428.3,428.55,51832
2021-09-02T09:52:00+05:30,428.5,428.9,428.35,428.85,16738
2021-09-02T09:53:00+05:30,428.9,429.0,428.55,428.65,36644
2021-09-02T09:54:00+05:30,428.65,428.95,428.6,428.95,19087
2021-09-02T09:55:00+05:30,428.95,429.45,428.9,429.4,29092
2021-09-02T09:56:00+05:30,429.45,429.7,429.4,429.7,38952
2021-09-02T09:57:00+05:30,429.7,429.75,429.45,429.5,31344
2021-09-02T09:58:00+05:30,429.6,429.7,429.4,429.45,24005
2021-09-02T09:59:00+05:30,429.35,429.8,429.3,429.65,40292
2021-09-02T10:00:00+05:30,429.75,429.75,429.1,429.15,30445
2021-09-02T10:01:00+05:30,429.25,429.5,429.05,429.5,25977
2021-09-02T10:02:00+05:30,429.3,429.45,429.1,429.1,14502
2021-09-02T10:03:00+05:30,429.15,429.35,429.0,429.05,16534
2021-09-02T10:04:00+05:30,429.2,429.2,428.5,428.7,62187
2021-09-02T10:05:00+05:30,428.65,429.0,428.6,428.8,21921
2021-09-02T10:06:00+05:30,428.8,428.95,428.6,428.85,21552
2021-09-02T10:07:00+05:30,429.0,429.0,428.65,428.75,13401
2021-09-02T10:08:00+05:30,428.8,429.0,428.7,429.0,13040
2021-09-02T10:09:00+05:30,428.9,429.15,428.9,429.05,21094
2021-09-02T10:10:00+05:30,429.0,429.1,428.85,429.05,15699
2021-09-02T10:11:00+05:30,428.95,429.0,428.9,429.0,13250
2021-09-02T10:12:00+05:30,428.8,429.0,428.75,428.9,23272
2021-09-02T10:13:00+05:30,429.0,429.0,428.8,428.85,10505
2021-09-02T10:14:00+05:30,428.95,429.0,428.8,428.9,12071
2021-09-02T10:15:00+05:30,429.0,429.0,428.6,428.9,30941
2021-09-02T10:16:00+05:30,428.8,429.0,428.3,428.45,50960
2021-09-02T10:17:00+05:30,428.55,428.55,428.3,428.35,15370
2021-09-02T10:18:00+05:30,428.35,428.75,428.35,428.65,23014
2021-09-02T10:19:00+05:30,428.65,428.85,428.4,428.85,32165
2021-09-02T10:20:00+05:30,428.85,428.85,428.5,428.6,10482
2021-09-02T10:21:00+05:30,428.65,428.65,428.5,428.5,10264
2021-09-02T10:22:00+05:30,428.6,428.6,428.1,428.2,49502
2021-09-02T10:23:00+05:30,428.2,428.4,428.05,428.3,30765
2021-09-02T10:24:00+05:30,428.3,428.5,428.15,428.3,14580
2021-09-02T10:25:00+05:30,428.35,428.65,428.35,428.5,26906
2021-09-02T10:26:00+05:30,428.6,428.7,428.45,428.65,17032
2021-09-02T10:27:00+05:30,428.65,429.0,428.65,428.95,24431
2021-09-02T10:28:00+05:30,428.95,429.5,428.85,429.5,54133
2021-09-02T10:29:00+05:30,429.3,429.6,429.3,429.45,41588
2021-09-02T10:30:00+05:30,429.6,429.6,429.3,429.55,18725
2021-09-02T10:31:00+05:30,429.45,429.8,429.4,429.8,39707
2021-09-02T10:32:00+05:30,429.8,430.05,429.7,429.7,115274
2021-09-02T10:33:00+05:30,429.8,430.0,429.7,430.0,26370
2021-09-02T10:34:00+05:30,429.95,430.25,429.95,430.15,64178
2021-09-02T10:35:00+05:30,430.1,430.4,430.0,430.2,36469
2021-09-02T10:36:00+05:30,430.3,430.4,430.1,430.1,26518
2021-09-02T10:37:00+05:30,430.25,430.4,430.1,430.25,13801
2021-09-02T10:38:00+05:30,430.15,430.25,430.1,430.2,16823
2021-09-02T10:39:00+05:30,430.2,430.45,430.1,430.4,50845
2021-09-02T10:40:00+05:30,430.35,430.55,430.25,430.55,52777
2021-09-02T10:41:00+05:30,430.55,430.7,430.4,430.45,35694
2021-09-02T10:42:00+05:30,430.55,431.0,430.55,430.95,109950
2021-09-02T10:43:00+05:30,431.0,431.2,430.8,430.8,45490
2021-09-02T10:44:00+05:30,430.8,431.0,430.7,430.85,23061
2021-09-02T10:45:00+05:30,430.85,431.0,430.8,430.95,55191
2021-09-02T10:46:00+05:30,430.9,431.0,430.8,430.9,28535
2021-09-02T10:47:00+05:30,430.95,431.0,430.5,431.0,43174
2021-09-02T10:48:00+05:30,430.9,431.2,430.55,430.75,79706
2021-09-02T10:49:00+05:30,430.8,430.85,430.4,430.45,27752
2021-09-02T10:50:00+05:30,430.4,430.5,430.05,430.15,26439
2021-09-02T10:51:00+05:30,430.1,430.6,430.05,430.5,10577
2021-09-02T10:52:00+05:30,430.45,430.55,430.4,430.5,7289
2021-09-02T10:53:00+05:30,430.6,430.65,430.5,430.6,9184
2021-09-02T10:54:00+05:30,430.5,430.7,430.5,430.6,13513
2021-09-02T10:55:00+05:30,430.7,430.7,430.5,430.65,9790
2021-09-02T10:56:00+05:30,430.45,430.6,430.2,430.5,18314
2021-09-02T10:57:00+05:30,430.5,430.6,430.35,430.5,12741
2021-09-02T10:58:00+05:30,430.5,430.75,430.4,430.65,15916
2021-09-02T10:59:00+05:30,430.7,430.75,430.55,430.55,11341
2021-09-02T11:00:00+05:30,430.55,431.0,430.55,430.75,29962
2021-09-02T11:01:00+05:30,430.85,430.85,430.55,430.55,10113
2021-09-02T11:02:00+05:30,430.65,431.2,430.6,430.85,83428
2021-09-02T11:03:00+05:30,431.0,431.2,430.65,431.0,54031
2021-09-02T11:04:00+05:30,430.9,431.1,430.85,430.9,23779
2021-09-02T11:05:00+05:30,430.9,431.05,430.85,430.95,22967
2021-09-02T11:06:00+05:30,430.95,431.05,430.9,430.95,14621
2021-09-02T11:07:00+05:30,430.95,431.1,430.9,430.9,21120
2021-09-02T11:08:00+05:30,431.0,431.0,430.85,430.9,14763
2021-09-02T11:09:00+05:30,430.9,431.0,430.85,430.9,16167
2021-09-02T11:10:00+05:30,430.9,431.05,430.55,430.7,32693
2021-09-02T11:11:00+05:30,430.7,430.8,430.5,430.7,14407
2021-09-02T11:12:00+05:30,430.7,430.75,430.3,430.3,32046
2021-09-02T11:13:00+05:30,430.3,431.1,430.3,430.9,48117
2021-09-02T11:14:00+05:30,430.9,431.8,430.7,431.5,147642
2021-09-02T11:15:00+05:30,431.55,431.9,431.55,431.7,72627
2021-09-02T11:16:00+05:30,431.8,431.85,431.35,431.5,41590
2021-09-02T11:17:00+05:30,431.5,431.9,431.5,431.85,71417
2021-09-02T11:18:00+05:30,431.8,431.9,431.55,431.7,34230
2021-09-02T11:19:00+05:30,431.7,431.85,431.6,431.8,26115
2021-09-02T11:20:00+05:30,431.65,431.8,431.65,431.65,15303
2021-09-02T11:21:00+05:30,431.7,431.95,431.5,431.95,58492
2021-09-02T11:22:00+05:30,431.95,431.95,431.8,431.9,23123
2021-09-02T11:23:00+05:30,431.8,431.9,431.55,431.65,33360
2021-09-02T11:24:00+05:30,431.75,431.9,431.7,431.9,27171
2021-09-02T11:25:00+05:30,431.85,431.95,431.75,431.9,23716
2021-09-02T11:26:00+05:30,431.9,431.95,431.75,431.9,15698
2021-09-02T11:27:00+05:30,431.9,431.9,431.7,431.7,21256
2021-09-02T11:28:00+05:30,431.7,432.0,431.65,431.95,95595
2021-09-02T11:29:00+05:30,431.9,432.0,431.8,431.85,27880
2021-09-02T11:30:00+05:30,431.85,431.95,431.5,431.55,38388
2021-09-02T11:31:00+05:30,431.55,431.6,431.0,431.1,41293
2021-09-02T11:32:00+05:30,431.1,431.9,431.05,431.75,42197
2021-09-02T11:33:00+05:30,431.75,431.95,431.5,431.55,33612
2021-09-02T11:34:00+05:30,431.55,431.6,431.3,431.6,24482
2021-09-02T11:35:00+05:30,431.65,431.65,431.5,431.6,8049
2021-09-02T11:36:00+05:30,431.5,431.6,431.3,431.4,39200
2021-09-02T11:37:00+05:30,431.5,431.5,431.25,431.5,14048
2021-09-02T11:38:00+05:30,431.35,431.5,431.3,431.4,11947
2021-09-02T11:39:00+05:30,431.35,432.25,431.35,432.05,110139
2021-09-02T11:40:00+05:30,432.1,432.15,431.9,432.15,32394
2021-09-02T11:41:00+05:30,432.15,432.15,431.65,431.65,18807
2021-09-02T11:42:00+05:30,431.8,431.9,431.6,431.85,12118
2021-09-02T11:43:00+05:30,431.7,431.95,431.65,431.9,11407
2021-09-02T11:44:00+05:30,431.95,432.45,431.8,432.4,62355
2021-09-02T11:45:00+05:30,432.4,432.4,432.05,432.1,27008
2021-09-02T11:46:00+05:30,432.15,432.35,432.05,432.15,25531
2021-09-02T11:47:00+05:30,432.15,432.3,431.85,431.85,47123
2021-09-02T11:48:00+05:30,431.85,432.1,431.85,432.05,11141
2021-09-02T11:49:00+05:30,432.0,433.0,432.0,432.8,168873
2021-09-02T11:50:00+05:30,432.8,432.8,432.55,432.55,61857
2021-09-02T11:51:00+05:30,432.75,432.85,432.5,432.6,31267
2021-09-02T11:52:00+05:30,432.6,432.7,432.5,432.5,21297
2021-09-02T11:53:00+05:30,432.5,432.75,432.4,432.7,43322
2021-09-02T11:54:00+05:30,432.7,433.45,432.7,433.4,189843
2021-09-02T11:55:00+05:30,433.4,433.5,432.9,433.0,78216
2021-09-02T11:56:00+05:30,433.0,433.2,432.95,433.0,34110
2021-09-02T11:57:00+05:30,433.05,433.1,432.8,432.85,44502
2021-09-02T11:58:00+05:30,432.8,432.9,432.45,432.5,31664
2021-09-02T11:59:00+05:30,432.45,432.7,432.45,432.5,16739
2021-09-02T12:00:00+05:30,432.5,432.6,432.45,432.5,24522
2021-09-02T12:01:00+05:30,432.45,432.5,432.3,432.45,23516
2021-09-02T12:02:00+05:30,432.4,432.8,432.4,432.7,24734
2021-09-02T12:03:00+05:30,432.65,432.7,432.4,432.6,15477
2021-09-02T12:04:00+05:30,432.55,432.7,432.5,432.55,10923
2021-09-02T12:05:00+05:30,432.65,432.65,432.4,432.5,13294
2021-09-02T12:06:00+05:30,432.5,432.5,432.15,432.15,31730
2021-09-02T12:07:00+05:30,431.75,432.0,431.55,431.85,78741
2021-09-02T12:08:00+05:30,431.85,432.1,431.7,431.7,32836
2021-09-02T12:09:00+05:30,431.7,431.7,431.5,431.55,35648
2021-09-02T12:10:00+05:30,431.7,431.95,431.6,431.8,11863
2021-09-02T12:11:00+05:30,431.8,432.0,431.8,432.0,15395
2021-09-02T12:12:00+05:30,432.0,432.1,431.85,431.95,26881
2021-09-02T12:13:00+05:30,431.95,432.1,431.85,432.1,9550
2021-09-02T12:14:00+05:30,432.2,432.3,432.05,432.25,11770
2021-09-02T12:15:00+05:30,432.3,432.5,432.2,432.5,18258
2021-09-02T12:16:00+05:30,432.4,432.45,432.25,432.25,9371
2021-09-02T12:17:00+05:30,432.35,432.45,432.15,432.4,13895
2021-09-02T12:18:00+05:30,432.25,432.5,432.25,432.45,13112
2021-09-02T12:19:00+05:30,432.3,432.5,432.1,432.15,10041
2021-09-02T12:20:00+05:30,432.15,432.3,431.95,431.95,23110
2021-09-02T12:21:00+05:30,432.0,432.1,431.55,431.6,37129
2021-09-02T12:22:00+05:30,431.7,432.1,431.6,431.85,21329
2021-09-02T12:23:00+05:30,431.85,432.15,431.8,432.1,18574
2021-09-02T12:24:00+05:30,431.95,432.0,431.8,431.9,10151
2021-09-02T12:25:00+05:30,431.9,432.0,431.8,431.95,9733
2021-09-02T12:26:00+05:30,431.75,431.8,431.65,431.8,11945
2021-09-02T12:27:00+05:30,431.75,431.95,431.7,431.8,14587
2021-09-02T12:28:00+05:30,431.8,431.9,431.7,431.85,16942
2021-09-02T12:29:00+05:30,431.85,431.9,431.7,431.85,20010
2021-09-02T12:30:00+05:30,431.75,431.95,431.05,431.05,107737
2021-09-02T12:31:00+05:30,431.05,431.55,431.05,431.3,28363
2021-09-02T12:32:00+05:30,431.25,431.4,431.2,431.3,19909
2021-09-02T12:33:00+05:30,431.25,431.4,431.25,431.3,16078
2021-09-02T12:34:00+05:30,431.25,431.55,431.25,431.45,19179
2021-09-02T12:35:00+05:30,431.5,431.5,431.2,431.35,15661
2021-09-02T12:36:00+05:30,431.3,431.6,431.25,431.55,26107
2021-09-02T12:37:00+05:30,431.5,431.8,431.45,431.45,15022
2021-09-02T12:38:00+05:30,431.45,431.55,431.1,431.2,9324
2021-09-02T12:39:00+05:30,431.15,431.3,431.15,431.25,12281
2021-09-02T12:40:00+05:30,431.2,431.25,431.0,431.15,48934
2021-09-02T12:41:00+05:30,431.0,431.15,431.0,431.05,22477
2021-09-02T12:42:00+05:30,431.0,431.05,430.6,430.8,29835
2021-09-02T12:43:00+05:30,430.75,430.8,430.3,430.5,64672
2021-09-02T12:44:00+05:30,430.4,430.55,430.35,430.4,31954
2021-09-02T12:45:00+05:30,430.3,430.4,430.0,430.15,81098
2021-09-02T12:46:00+05:30,430.1,430.2,429.75,429.85,90005
2021-09-02T12:47:00+05:30,430.05,430.45,429.9,430.0,124096
2021-09-02T12:48:00+05:30,430.0,430.25,429.9,430.15,30161
2021-09-02T12:49:00+05:30,430.05,430.5,430.05,430.35,28230
2021-09-02T12:50:00+05:30,430.4,430.45,430.1,430.4,38349
2021-09-02T12:51:00+05:30,430.5,430.8,430.5,430.8,23288
2021-09-02T12:52:00+05:30,430.8,431.0,430.8,430.9,23906
2021-09-02T12:53:00+05:30,430.9,431.4,430.9,431.35,51128
2021-09-02T12:54:00+05:30,431.35,431.35,430.65,430.9,77736
2021-09-02T12:55:00+05:30,430.85,431.1,430.85,431.0,13231
2021-09-02T12:56:00+05:30,430.95,431.3,430.95,431.1,15502
2021-09-02T12:57:00+05:30,431.15,431.25,431.0,431.2,13579
2021-09-02T12:58:00+05:30,431.15,431.25,430.9,430.9,21637
2021-09-02T12:59:00+05:30,430.95,431.05,430.85,431.0,14474
2021-09-02T13:00:00+05:30,431.0,431.05,430.6,430.7,19505
2021-09-02T13:01:00+05:30,430.7,431.0,430.65,431.0,9874
2021-09-02T13:02:00+05:30,431.0,431.0,430.8,430.85,12964
2021-09-02T13:03:00+05:30,430.85,430.85,430.5,430.5,12154
2021-09-02T13:04:00+05:30,430.6,430.65,430.5,430.6,19956
2021-09-02T13:05:00+05:30,430.55,430.6,430.5,430.5,11550
2021-09-02T13:06:00+05:30,430.5,430.5,430.1,430.15,24144
2021-09-02T13:07:00+05:30,430.2,430.55,430.1,430.45,10937
2021-09-02T13:08:00+05:30,430.45,430.7,430.45,430.55,26478
2021-09-02T13:09:00+05:30,430.5,430.55,430.2,430.25,15438
2021-09-02T13:10:00+05:30,430.25,430.35,430.05,430.15,30495
2021-09-02T13:11:00+05:30,430.15,430.2,429.9,429.9,47567
2021-09-02T13:12:00+05:30,429.95,430.05,429.6,430.0,48361
2021-09-02T13:13:00+05:30,430.0,430.5,429.8,430.45,33960
2021-09-02T13:14:00+05:30,430.5,431.0,430.45,430.85,42728
2021-09-02T13:15:00+05:30,430.8,431.05,430.65,430.9,42258
2021-09-02T13:16:00+05:30,430.9,431.2,430.85,431.05,26687
2021-09-02T13:17:00+05:30,431.1,431.15,430.9,431.0,17889
2021-09-02T13:18:00+05:30,431.0,431.15,430.85,431.0,20830
2021-09-02T13:19:00+05:30,431.0,431.05,430.85,431.0,17459
2021-09-02T13:20:00+05:30,431.0,431.0,430.55,430.55,16214
2021-09-02T13:21:00+05:30,430.65,430.95,430.4,430.75,20444
2021-09-02T13:22:00+05:30,430.8,431.0,430.55,430.85,17087
2021-09-02T13:23:00+05:30,430.8,430.9,430.55,430.65,14620
2021-09-02T13:24:00+05:30,430.65,430.9,430.55,430.9,24458
2021-09-02T13:25:00+05:30,430.9,430.95,430.6,430.8,20714
2021-09-02T13:26:00+05:30,430.65,430.9,430.65,430.9,6047
2021-09-02T13:27:00+05:30,430.9,430.95,430.55,430.65,14796
2021-09-02T13:28:00+05:30,430.65,430.7,430.3,430.35,16974
2021-09-02T13:29:00+05:30,430.3,430.5,430.25,430.45,21628
2021-09-02T13:30:00+05:30,430.5,430.6,430.35,430.4,15153
2021-09-02T13:31:00+05:30,430.35,430.65,430.3,430.55,17328
2021-09-02T13:32:00+05:30,430.65,430.65,430.45,430.5,13245
2021-09-02T13:33:00+05:30,430.5,430.6,430.0,430.0,49194
2021-09-02T13:34:00+05:30,430.05,430.3,430.0,430.1,30258
2021-09-02T13:35:00+05:30,430.1,430.2,429.8,429.85,25351
2021-09-02T13:36:00+05:30,429.85,430.25,429.8,430.05,31126
2021-09-02T13:37:00+05:30,430.1,430.1,429.8,429.85,10361
2021-09-02T13:38:00+05:30,429.85,430.2,429.85,430.15,20249
2021-09-02T13:39:00+05:30,430.1,430.15,429.8,429.95,19563
2021-09-02T13:40:00+05:30,429.8,430.0,429.8,429.85,22338
2021-09-02T13:41:00+05:30,429.85,430.0,429.7,430.0,33708
2021-09-02T13:42:00+05:30,429.95,430.25,429.95,430.05,34860
2021-09-02T13:43:00+05:30,430.0,430.05,429.8,430.0,14638
2021-09-02T13:44:00+05:30,429.95,430.05,429.8,429.85,18841
2021-09-02T13:45:00+05:30,429.9,430.05,429.75,430.05,24486
2021-09-02T13:46:00+05:30,430.25,430.4,429.9,430.0,16172
2021-09-02T13:47:00+05:30,429.9,430.05,429.85,430.0,11735
2021-09-02T13:48:00+05:30,429.85,430.3,429.85,430.0,58511
2021-09-02T13:49:00+05:30,429.95,430.3,429.9,430.1,18114
2021-09-02T13:50:00+05:30,430.35,430.35,429.85,429.85,36880
2021-09-02T13:51:00+05:30,429.95,430.3,429.85,430.15,16839
2021-09-02T13:52:00+05:30,430.15,430.35,430.0,430.05,20794
2021-09-02T13:53:00+05:30,430.1,430.15,429.9,429.95,35689
2021-09-02T13:54:00+05:30,429.95,429.95,429.6,429.8,34151
2021-09-02T13:55:00+05:30,429.75,429.85,429.65,429.85,20254
2021-09-02T13:56:00+05:30,429.8,430.0,429.5,429.5,39491
2021-09-02T13:57:00+05:30,429.5,429.65,429.2,429.6,55258
2021-09-02T13:58:00+05:30,429.5,429.55,429.3,429.35,13119
2021-09-02T13:59:00+05:30,429.45,429.75,429.35,429.75,34835
2021-09-02T14:00:00+05:30,429.9,430.0,429.75,429.8,21678
2021-09-02T14:01:00+05:30,429.85,430.0,429.8,429.9,12238
2021-09-02T14:02:00+05:30,430.0,430.1,429.9,430.1,16937
2021-09-02T14:03:00+05:30,430.15,430.25,429.8,429.95,30341
2021-09-02T14:04:00+05:30,430.0,430.2,429.85,429.9,19083
2021-09-02T14:05:00+05:30,429.75,429.85,429.5,429.85,13152
2021-09-02T14:06:00+05:30,429.85,430.1,429.7,429.9,16956
2021-09-02T14:07:00+05:30,429.9,429.95,429.75,429.8,9434
2021-09-02T14:08:00+05:30,429.8,429.95,429.6,429.65,26318
2021-09-02T14:09:00+05:30,429.65,429.7,429.3,429.55,30609
2021-09-02T14:10:00+05:30,429.4,429.6,429.3,429.4,10499
2021-09-02T14:11:00+05:30,429.45,429.55,429.3,429.35,24572
2021-09-02T14:12:00+05:30,429.4,429.65,429.4,429.6,9304
2021-09-02T14:13:00+05:30,429.6,429.6,428.85,429.3,136868
2021-09-02T14:14:00+05:30,429.3,430.0,429.3,429.85,31150
2021-09-02T14:15:00+05:30,429.95,429.95,429.6,429.85,12045
2021-09-02T14:16:00+05:30,429.65,429.85,429.6,429.6,10933
2021-09-02T14:17:00+05:30,429.6,429.8,429.4,429.65,26086
2021-09-02T14:18:00+05:30,429.65,429.75,429.5,429.65,10867
2021-09-02T14:19:00+05:30,429.6,429.75,429.55,429.6,8061
2021-09-02T14:20:00+05:30,429.7,429.7,429.55,429.65,4130
2021-09-02T14:21:00+05:30,429.6,429.95,429.6,429.75,33290
2021-09-02T14:22:00+05:30,429.75,429.9,429.75,429.9,10916
2021-09-02T14:23:00+05:30,429.9,429.9,429.5,429.65,16303
2021-09-02T14:24:00+05:30,429.7,429.9,429.6,429.8,13789
2021-09-02T14:25:00+05:30,429.75,429.9,429.75,429.75,31662
2021-09-02T14:26:00+05:30,429.9,429.9,429.75,429.9,9627
2021-09-02T14:27:00+05:30,429.9,430.05,429.85,430.05,50374
2021-09-02T14:28:00+05:30,430.05,430.1,429.85,429.95,38919
2021-09-02T14:29:00+05:30,430.1,430.1,429.8,429.9,49069
2021-09-02T14:30:00+05:30,429.9,430.0,429.9,429.95,10764
2021-09-02T14:31:00+05:30,430.0,430.0,429.9,429.95,15627
2021-09-02T14:32:00+05:30,429.95,430.0,429.6,429.95,35118
2021-09-02T14:33:00+05:30,429.95,430.0,429.4,429.5,34705
2021-09-02T14:34:00+05:30,429.45,429.7,429.4,429.65,13855
2021-09-02T14:35:00+05:30,429.65,430.0,429.55,429.8,11777
2021-09-02T14:36:00+05:30,430.0,430.0,429.15,429.15,71027
2021-09-02T14:37:00+05:30,429.1,429.25,429.05,429.2,22895
2021-09-02T14:38:00+05:30,429.3,429.65,429.2,429.55,14243
2021-09-02T14:39:00+05:30,429.55,429.55,429.2,429.2,15470
2021-09-02T14:40:00+05:30,429.2,429.45,429.15,429.4,16359
2021-09-02T14:41:00+05:30,429.35,429.9,429.35,429.65,24333
2021-09-02T14:42:00+05:30,429.65,429.7,429.55,429.55,11252
2021-09-02T14:43:00+05:30,429.55,429.7,429.55,429.7,10295
2021-09-02T14:44:00+05:30,429.8,429.8,429.55,429.55,11849
2021-09-02T14:45:00+05:30,429.6,430.05,429.55,429.9,46984
2021-09-02T14:46:00+05:30,429.95,430.0,429.65,429.85,13299
2021-09-02T14:47:00+05:30,429.75,429.9,429.2,429.2,47529
2021-09-02T14:48:00+05:30,429.2,429.45,429.1,429.45,21643
2021-09-02T14:49:00+05:30,429.25,429.5,429.2,429.3,17959
2021-09-02T14:50:00+05:30,429.3,429.6,429.3,429.3,20583
2021-09-02T14:51:00+05:30,429.3,429.5,429.3,429.5,20360
2021-09-02T14:52:00+05:30,429.35,429.55,429.3,429.55,18314
2021-09-02T14:53:00+05:30,429.5,429.6,429.3,429.45,22385
2021-09-02T14:54:00+05:30,429.4,429.6,429.4,429.5,21103
2021-09-02T14:55:00+05:30,429.35,429.45,429.2,429.25,21044
2021-09-02T14:56:00+05:30,429.25,429.5,429.2,429.25,26784
2021-09-02T14:57:00+05:30,429.25,429.3,429.05,429.05,45855
2021-09-02T14:58:00+05:30,428.9,429.5,428.9,429.5,75883
2021-09-02T14:59:00+05:30,429.4,429.8,429.4,429.65,43140
2021-09-02T15:00:00+05:30,429.75,430.45,429.65,430.3,166077
2021-09-02T15:01:00+05:30,430.25,430.35,430.1,430.3,37907
2021-09-02T15:02:00+05:30,430.3,430.45,430.25,430.3,36644
2021-09-02T15:03:00+05:30,430.3,430.35,430.0,430.1,70589
2021-09-02T15:04:00+05:30,430.1,430.25,429.9,430.15,102189
2021-09-02T15:05:00+05:30,430.1,430.3,430.0,430.15,112020
2021-09-02T15:06:00+05:30,430.05,430.2,430.0,430.0,72903
2021-09-02T15:07:00+05:30,430.05,430.05,429.95,430.0,87121
2021-09-02T15:08:00+05:30,430.05,430.15,429.95,430.1,91062
2021-09-02T15:09:00+05:30,430.05,430.15,429.95,429.95,69546
2021-09-02T15:10:00+05:30,429.95,430.0,429.6,429.9,53899
2021-09-02T15:11:00+05:30,429.9,429.95,429.55,429.7,58034
2021-09-02T15:12:00+05:30,429.6,429.75,429.6,429.7,26834
2021-09-02T15:13:00+05:30,429.65,429.7,429.55,429.7,33755
2021-09-02T15:14:00+05:30,429.7,429.75,429.5,429.5,37372
2021-09-02T15:15:00+05:30,429.5,429.65,429.25,429.25,65161
2021-09-02T15:16:00+05:30,429.25,429.65,429.25,429.5,38025
2021-09-02T15:17:00+05:30,429.5,429.6,429.2,429.6,79506
2021-09-02T15:18:00+05:30,429.65,429.65,429.3,429.65,93299
2021-09-02T15:19:00+05:30,429.4,429.65,429.25,429.25,69611
2021-09-02T15:20:00+05:30,429.45,429.55,429.25,429.35,91949
2021-09-02T15:21:00+05:30,429.45,429.8,429.15,429.75,174838
2021-09-02T15:22:00+05:30,429.75,429.8,429.55,429.6,34882
2021-09-02T15:23:00+05:30,429.6,429.6,429.4,429.55,46908
2021-09-02T15:24:00+05:30,429.55,429.6,429.35,429.5,70171
2021-09-02T15:25:00+05:30,429.55,429.7,429.5,429.7,43853
2021-09-02T15:26:00+05:30,429.6,429.7,429.5,429.55,50417
2021-09-02T15:27:00+05:30,429.6,429.7,429.6,429.65,59047
2021-09-02T15:28:00+05:30,429.6,429.65,429.55,429.6,67113
2021-09-02T15:29:00+05:30,429.55,429.7,429.55,429.6,58876
